{"gamma":0.75,"epsilon":0.1,"alpha":0.01,"experienceAddEvery":25,"experienceSize":5000,"learningStepsPerIteration":10,"tdErrorClamp":1,"hiddenLayers":[16,16],"inputSize":22,"outputSize":10,"activation":"tanh","net":{"inputSize":22,"hiddenLayers":[16,16],"outputSize":10,"weights":[{"n":16,"d":22,"w":[-0.5298840703139224,0.003993459923817912,-0.38204516886049794,0.6074837404707889,0.448277539029645,0.7204748635348773,0.9536364575807577,-0.17852984425621207,-0.20326452722985947,-0.12485927390635403,0.06370192735263902,0.12437163480206055,-0.06709763473477637,-0.30015567575943525,0.17868516597318185,1.140145852912069,-1.0280069840787747,-0.35039745847225556,-1.4796012212397256,-0.6353970181131576,0.2231302947267351,0.5507839995671756,0.2650787253841227,-0.1354833090655397,0.6173583645011523,-0.08984096694139518,-0.47944200879726184,0.10596518745037949,0.1351907051606156,-0.1344709888868586,0.22774510538973008,0.5680193811331359,0.33363095519675934,-1.0343033531241759,0.34890580397535964,-0.025485586222097987,0.03039649952655429,-0.16385277823072628,-0.16608602709924192,0.10941482615162533,0.32596485376319384,-0.1002423144031957,0.013651369450773528,-0.0301365508512269,0.42663598457301316,-1.2843255567115943,-0.9257797150637468,-0.12681030570357923,0.1645891666773954,1.214856662289227,1.9489374132966912,-1.1802205841312747,0.5793879894593383,-0.19530698572819594,0.8965238925194325,-0.8576237416345325,-0.019311237310639065,0.7109031181487535,0.4082833757338462,-0.13673110663480884,0.6088482534857911,0.2457818354313899,0.5622174335842725,0.5347470486894331,0.11951386526942338,0.33442293137649776,0.1929741244556982,0.19272891100932452,-0.4192370342465445,0.3637893840510369,-0.2325479346492087,0.4997419479430013,-0.40552616309151435,0.4349541274960673,-0.03576052659877811,0.12465308601522761,0.026266357226084204,0.06970732624680515,0.9427460083249527,-0.10057112910608734,-0.13720692579590915,0.5763347601160212,0.020249995754646703,-0.16603796360829207,0.24780185579588349,-0.04370341555963154,-0.032739664480184706,0.10409617407048966,0.6387188930304204,0.03448544680632302,0.19964822969146903,0.3642642955033272,0.9522948823918973,-0.4710295992140333,0.20585257371167942,0.30563060289692356,-0.13097438354177127,0.6928340327741582,0.5431040456641789,0.1993045209935974,-1.5052616717101555,-0.6058423146534377,-0.35167250433097685,0.09020702738662123,-1.2373697699232828,-0.22779100938102512,-1.2460597829721822,-0.39841200658906284,-0.19342676613775447,0.12142981919119016,-0.22823983130319145,0.338785940062515,-0.40806852121965825,0.583382539252755,-0.8960402398894569,-0.8086675211890664,0.7622757239213896,-0.21206125309880008,0.2610623556529693,0.7412028874837371,0.3411146048901945,-0.4222635268353404,-0.14799413333795067,-0.4688820550815517,-0.5508075805216309,0.550006915365639,0.47756985860280654,-0.036064283272484086,0.7523626395933117,0.3979896371625458,-0.22177907163925129,-0.05349000379593774,0.2417157120434693,-0.8610947843823087,0.7934579745656837,0.4345140421613104,0.7211494627581437,0.4023960567141663,0.4402008079585314,-0.2272402179324149,0.314645092928416,0.41594371474903064,-0.3347363560905827,-1.0122468678448662,-1.0029126207231602,-0.037566564228750904,-0.19998847963361654,0.6259819846035201,-1.7001882096544707,-0.8174959990412937,-1.0267052154051006,-0.5099225994454367,-0.5870434976117387,-0.29225121373627666,0.14398842416000654,0.017879204150863654,0.6651351502554581,0.9589290571739686,-0.3430837969687529,0.3980555862949944,0.7054845735863046,-0.44538841532617746,-0.28333084287058535,-0.451136667593523,0.646346696747865,0.1306494065513296,0.05944800249399542,-0.6377538500714366,0.07888719304635856,0.21931743534402046,-0.9009483311053731,-0.05450157858499996,-1.1279884639234095,-0.25772139988264064,-0.8739074078592294,0.05469738620432211,-0.06651808483556333,0.5293967180183354,-0.179821913189765,-0.21638982064805742,0.12084198365644153,0.05715486192128236,0.16761579045163202,-0.1800489959821351,-0.19600358933011203,-0.23533190399276419,-0.20273620141117182,-0.10239809391396497,-1.1677680574748674,-0.4250873373615212,0.04620404232894718,-0.15491582301204598,0.6847731460925438,0.07074345848554302,0.7335224633240057,0.1254679639107752,0.026179250853309115,0.26706914982580043,-0.34463012365321155,0.24744623770576726,0.3396771889934272,0.26856884123635877,-0.1806934703589918,-1.111495315696838,-0.18000005041358175,0.34162518772390366,0.4782862722130818,0.3407989497355406,-0.8593805711843125,0.21455302427646236,-0.5177871512663347,-0.09266496590590338,-0.46554124381924894,0.020173228007242503,-0.13669553999036,0.18976242866975387,-0.41606697065602394,-0.024811137013682462,-0.04087492106347063,0.032675305373272547,-0.9569817545929252,-0.047683479266027416,-0.7412267930123929,-0.486538102025787,-1.5438284765470915,0.2280232156737937,0.5222831872542442,-0.28267560792502444,-0.022372249783979916,0.0649629838530262,0.9032262356251823,-1.4916751858653972,-0.631285558349032,-0.16652720982200397,-0.9657955146399264,0.09810029679948946,0.27902352983051903,0.7890484420091273,0.9886486094765885,1.2947949927556113,0.33645052946548004,0.028818800235434712,0.45755174277570215,0.4033948680065102,-0.7185904658509952,-0.14301778190117578,0.49939261098211063,-0.31973829505756884,-0.36290300495597105,-0.13822334563476985,-0.03840405622470198,-0.7164150510106749,-0.5363186515394539,-0.13347826762803575,-0.947976783508084,-0.5779159892095082,0.16464304482543682,-0.3886924952116628,1.4282057926258915,-0.2341802488840367,1.4649136785146353,-0.020005739518340067,0.048372117363316175,0.26133684456965633,0.3199884876878857,-0.39203487278353394,1.1117712070060533,0.14956900169766862,0.921862678930899,-0.5187581467623447,-0.1579662745794099,0.22265534499064485,0.181655902947927,0.5229020104748745,0.04362969972079497,0.39862790452167,-0.13415281808301302,0.08809874821838487,0.17711710083246887,0.043660035845029165,-1.3948520853481459,-0.3102204982594524,-1.0545566235819681,-0.31356040588368966,-1.18698408322535,-0.015429740054106463,-0.10194312964458425,-0.32935980758992534,0.4123348487913874,-0.5356436847886412,-0.7263229812770243,0.765483185883267,0.443835533658418,-0.1796520023453102,-0.5137714862350735,-0.08722728976238689,-0.7905903265406868,-1.5689588180341458,1.4850368629365907,0.37357751537030115,-0.21843264331238646,-0.08835344760572657,0.38215162933727703,0.32066558369051096,0.3436808653526837,0.5443864214604631,0.8148538117755985,0.15906300053890482,0.21338819638119721,-0.17380372137125363,-0.03057629581718652,-0.07475209183653315,0.2833843653185189,0.5468425386714559,-0.15169815085389604,0.5125896893066081,-0.02774856346896232,-0.38750692734035,0.5091078225924334,-0.2172140329870363,0.18661418325582751,-0.1557581035110268,0.41442988587057583,0.1127119682108534,-0.35876100039479597,0.2948517217036151,-1.1511711513467775,-0.2502447910969061,-0.0311623432289624,-0.3034269484084273,0.8302464063386726,0.0585883124840351,0.04646438136922062,0.5339436790424961,0.22538523222967477,-0.09201711683986274,0.7207865612449607,0.5362817621429459,0.7384581310901492,-0.3615194894944883,0.17536200512854797,0.5402247017049376,0.8784055956972477,0.8143395772719427,0.2425276064797466,-0.00671879023367851,-0.7029331572521546,-0.7031711059588903,-1.581808911159717,-0.38917623044903044,-1.2815352376507443,-0.2879198721535361]},{"n":16,"d":16,